gene_name,num_cell_types
PTPRC,28
CD14,27
IL-7R,24
CD3D,24
FCG3RA,23
CD27,22
FCGR3B,20
CD19,20
CD34,19
CD8A,19
SELL,18
ITGAM,18
CD4,18
CRR7,17
ITGAX,16
IL3RA,16
CD38,16
CD33,15
IL2RA,15
CD3E,14
CD3G,14
GZMB,12
CEACAM8,12
CX3CR1,11
NKG7,11
LYZ2,11
FUT4,11
GNLY,10
CD69,10
NCAM1,10
TFRC,10
ISG20,10
PRF1,9
MKI67,9
MS4A1,9
FAS,9
CD8B,9
GRP183,9
CD1C,8
CD86,8
GZMK,8
TCF7,8
BTLA,8
MAP3K8,7
CD52,7
ICOS,7
CD28,7
CD244,7
CD44,7
CD68,7
CSF3R,7
TBX21,6
CXCR4,6
CXCR6,6
LTB,6
FCN1,6
CD182,6
KLRB1,6
CD2,6
CD24,6
GZMA,6
ITGA4,6
PROM1,6
A100A9,6
KLRD1,5
CLTA4,5
IGD,5
TYROBP,5
FGFBP2,5
MCAM,5
FCGR2B,5
CD49A,5
S100A12,5
ITGB1,5
CD40LG,5
LGALS1,5
LEF1,5
CCR4,5
MYC,5
CD80,5
ENTPD1,5
CST3,5
CD1D,5
KRT20,5
CSF1R,5
FCER1A,5
MNDA,5
CREB5,4
GATA244,4
PDCD1,4
GZMH,4
HLA-DPA1,4
IL4R,4
IFITM1,4
NOSIP,4
S100A8,4
S100A4,4
SDC1,4
TOP2A,4
LILRB2,4
KIT,4
LILRB1,4
MZB1,4
HLA-DPB1,4
FPR1,4
FOXP3,4
CD74,4
TCL1A,4
HLA-DRB1,4
PTPRCAP,4
HLA-DRA,4
C12ORF75,4
PPBP,4
CD42B,4
LY9,4
IL17RA,4
MAL,4
FCGR2A,4
PF4,4
CCL5,4
CD5,4
CD163,4
ITGAL,4
ZEB2,4
SLC7A5,4
PECAM1,4
SLC3A2,4
ITGA2B,4
AIF1,4
SPON2,4
CD22,4
LST1,3
CD158A,3
CLIC3,3
CLEC9A,3
PCNA,3
CLEC4A,3
TIGIT,3
LCK,3
CLEC10A,3
RNASE2,3
CD7,3
MITF,3
CD203C,3
OAS1,3
KLRG1,3
MS4A6A,3
SLC2A,3
LYN,3
CR2,3
LYAR,3
KRT8,3
ZNF683,3
MME,3
TLR4,3
TLR2,3
TCRA,3
MLANA,3
CLE4C,3
LDHB,3
NRP1,3
LMNA,3
MS4A7,3
STRA13,3
SOX4,3
STMN1,3
SP4,3
SERPINA1,3
CD6,3
CDH1,3
NPM1,3
EHD4,3
ACTN1,3
SELPLG,3
SELP28,3
CD79A,3
C6ORF48,3
ELE,3
FOS,3
LRRN3,3
C C CKR3,3
CCR6,3
TCF3,3
CK18,3
XBP1,3
IL1B,3
XCL1,3
CDKN1C,3
HBB,3
CD40,3
HBA2,3
HBA1,3
LILRA4,3
HAVCR2,3
THBD,3
SLC25A37,3
CRIP1,3
HLA-DQA1,3
FCER2,3
TRAC,3
ID2,3
ITGA5,3
CTSW,3
IL6R,3
PTGDS,3
FCGR1A,3
PTAFR,3
ARL4C,3
ICAM1,3
PLBD1,3
FCGR2C,3
PLD4,3
TYR,3
TYMP,3
TSHZ2,3
JCHAIN,3
ARH,3
TXN,3
NAMPT,3
HSP90B1,3
APOBEC3A,3
JUN,3
NCR1,3
HLA-DQB1,3
ASAP1,3
IRF8,3
KLRC1,3
TNFRSF17BCMA,3
VCAN,3
CSTA,3
TNFRSF4,3
NIBAN3,2
CD61,2
SLC20A1,2
EIF3E,2
EIF3L,2
CD63,2
SELENOS,2
PAICS,2
EVER1,2
DERL3,2
NOD2,2
DGKA,2
SERINC5,2
CD274,2
GCSAM,2
CD55,2
SERPINF1,2
PLEK,2
FCMR,2
SEC61B,2
CD247,2
DNASE1L3,2
NPL,2
PLPP5,2
SCN9A,2
ERN1,2
GBP2,2
FCRL6,2
CD83,2
CD81,2
SDF2L1,2
NR4A2,2
NDFIP2,2
SEC11C,2
CD79B,2
NGLY1,2
NFKBIZ,2
NRBF-2,2
PID1,2
PILRA,2
DSE,2
NINJ1,2
P75,2
PIK3IP1,2
CD37,2
SIGLEC1,2
CD36,2
FAM110A,2
NELL2,2
P2RY13,2
SLC11A1,2
SIGLEC6,2
F3,2
CD307C,2
PIM2,2
GIMAP5,2
MAFB,2
SLAMF8,2
EPCAM,2
CD300A,2
NFE2,2
EVL,2
DNAJB1,2
PLAUR,2
EREG,2
GGTA1P,2
NEAT1,2
SGPP2,2
SGSM3,2
PLAC8,2
GIMAP2,2
FANK1,2
PLAAT3,2
NRGN,2
PIK3CA,2
MARCO,2
NECTIN2,2
NFAM1,2
FAM117B,2
MARCKS,2
SAMD3,2
GATA3,2
CDC42,2
CMTM7,2
FLJ20249,2
MTSS1,2
RNASE6,2
MGST1,2
FLNA,2
CTSB,2
RNF141,2
DPEP2,2
CLN8,2
RNF149,2
CTSD,2
CLIC2,2
CLEC7A,2
CTSL,2
CLEC4E,2
CTSS,2
EEF1B2,2
PTGDR,2
RPL10A,2
PDIA4,2
NPC1,2
RHOC,2
RGS18,2
RASSF4,2
MT-CO2,2
RALB,2
CPVL,2
RAB10,2
RAP1B,2
RAP1GAP2,2
RASGRP2,2
RASGRP4,2
MPO,2
CSF2RA,2
CTB-61M7.2,2
MMUT,2
RCAN3,2
MMP9,2
FAM30A,2
MMP14,2
RELT,2
RETN,2
MT2A,2
DUSP6,2
EEF2,2
PSAP,2
MYL9,2
PPM1F,2
RTKN2,2
CDKN1A,2
DAB2,2
CDK6,2
MCM4,2
S100A11,2
NALP12,2
MCL1,2
FGR,2
S1PR5,2
FKBP11,2
FGL2,2
PASK,2
PPA1,2
NAV1,2
RAB3D,2
MBOAT7,2
POU2AF1,2
EGLN3,2
NCF2,2
CYTL1,2
FKBP2,2
PDK1,2
RPL5,2
CXCR2,2
DUSP2,2
MGC20700,2
MYO1E,2
RPL3,2
CHST12,2
PDP1,2
FPR2,2
MYO1G,2
CG018,2
CEACAM5,2
CFD,2
DUSP1,2
FYB,2
CYBB,2
RPS5,2
CYP2E1,2
RPSA,2
PRAM-1,2
EFHD2,2
DPP4,2
SLAMF7,2
SLC2A3,2
KLF12,2
KLRF1,2
KLRC4,2
KLRC3,2
KLRC2,2
B3GAT1,2
TNFRSF18,2
TNFRSF8,2
TNFRSF9,2
TNFSF10,2
TNFSF13B,2
KLF6,2
ATP2B1,2
ATM,2
TMEM204,2
TPST2,2
TRABD2A,2
ATAD2,2
TRAM1,2
HMGA1,2
TREM1,2
HMOX1,2
TRGV9,2
HOPX,2
TSC22D3,2
ARHGAP18,2
KDR,2
TMEM63A,2
BATF,2
HSP90AB1,2
TIMP1,2
C1ORF162,2
TBC1D4,2
C17ORF45,2
HBEGF,2
TBXAS1,2
TCIRG1,2
HCK,2
TGFBI,2
LAIR1,2
LAG3,2
THY1,2
BLVRA,2
BLNK,2
TMEM14A,2
KRT5,2
TLR10,2
BIRC1,2
BIN2,2
HK3,2
BID,2
BEX4,2
BCL6,2
BCL2A1,2
KRT19,2
BCL11B,2
BCL11A,2
ARAP1,2
TUBA1A,2
C1ORF24,2
IL32,2
VNN2,2
IFIT2,2
IFIT3,2
IFITM2,2
IFITM3,2
IFNGAMMA,2
WDFY1,2
IL8,2
IL6,2
ADGRG5,2
IL4,2
ADGRE2,2
ADAM8,2
IFI6,2
IL2RB,2
IFRD1,2
ZAP70,2
ADA,2
IL1RN,2
IGHA2,2
IL1A,2
ABLIM1,2
ZNF101,2
IL17F,2
IGHM,2
IL13RA1,2
VMP1,2
IFI44L,2
HSPA6,2
ANPEP,2
TUBB1,2
TXK,2
TXNDC5,2
APEX1,2
ITM2C,2
ITM2B,2
UBC4,2
ICA1,2
ICAM2,2
ITGB2,2
UBE2J1,2
ANXA2,2
ICAM4,2
ALAS2,2
ANKRD36BP1,2
UGCG,2
AMPD2,2
AMPD1,2
AML3,2
USP15,2
ISG15,2
IRF7,2
IRF4,2
IDO1,2
IFI27,2
IFI30,2
LGALS2,2
BACH2,2
OFD1,2
GLUL,2
SNRNP25,2
GNS,2
LILRB4,2
SUSD1,2
CD101,2
SVIL,2
CD105,2
SMAP2,2
CCR10,2
SPIB,2
SMAD1,2
SMA,2
GPR155,2
CARD11,2
SPN,2
CD160,2
LPCAT1,2
C5AR1,2
C1QB,2
CAMK IV,2
GNG2,2
LITAF,2
STK10,2
STT3A,2
CCM2,2
GZMM,2
GYPC,2
STX3,2
SPARC,2
GNG11,2
SOD2,2
LRRC32,2
GNG7,2
STXBP2,2
LIMS1,2
CCL3,2
C1QC,2
LILRA2,2
LGMN,2
CD1E,2
GRAMD1A,2
SLC2A6,2
TAGLN2,2
TAGLN,2
CASP1,2
SSR1,2
SLC31A2,2
SSR4,2
SOCS3,2
SLC7A11,2
HSPE1,1
HSPA7,1
HSPC196,1
HSBP1,1
HSPC193,1
FCER1G,1
FGG,1
ID3,1
HS3ST3B1,1
FGL1,1
HPSE,1
GBP4,1
GGA2,1
HSPB1,1
GPX110,1
HPS4,1
HPRT1,1
GIMAP1,1
FBXO7,1
FHIT,1
IDH3A,1
FINB,1
HSP90AA1,1
GPR27,1
HULC,1
GPRC5D,1
GPR15,1
FEN1,1
GPR146,1
GPM6B,1
GBP5,1
FEZ2,1
FFAR2,1
FGB,1
GPR84,1
FGD3,1
GPBAR1,1
FGD4,1
FBXO5,1
GP5,1
GCA,1
GOLT1A,1
HSPA13,1
FCRL5,1
FCRLA,1
FCHSD2,1
GNRH1,1
GPR18,1
GNAQ,1
IDO2,1
FABP1,1
FAM135A,1
IGFBP3,1
IGFLR1,1
IGHA1,1
GLCE,1
FAM126A,1
GIMAP8,1
IGHG1,1
IGHG2,1
GLCCI1,1
GJB2,1
IGHG3,1
FAM105A,1
FAM102A,1
F5,1
IER2,1
IGHG4,1
GLA,1
F13A1,1
F11R,1
EZR,1
IGKC,1
EZI,1
EXOSC8,1
IGKC2,1
EVER2,1
IGLC22,1
IGSF6,1
IKZF2,1
ETV6,1
IGF1R,1
ETS2,1
GIMAP7,1
FAM160A1,1
FBXO18,1
IER3,1
FAU5,1
FASLG,1
IFI16,1
GNG10,1
HPGD,1
FAP,1
GNA15,1
IFIH1,1
IFIT1,1
GMPR,1
FANCD2,1
FAM49B,1
GMPPB,1
GMFB,1
GM2A,1
FAM46C,1
FAM46A,1
IFNGR1,1
FAM29A,1
FAM26F,1
GLTSCR2,1
FAM210B,1
GIMAP4,1
IFNGR2,1
GLRX,1
FAM160A2,1
IFNLR1,1
HPR,1
FUS,1
GRINA,1
HINT1,1
HIP1,1
FLJ40432,1
FLJ40614,1
FLJ42627,1
FLJ43842,1
GALNT2,1
HIGD1A,1
HK1,1
FLJ90005,1
FLN29,1
GABARAPL2,1
HIAN2,1
FLNB,1
HGLF,1
GAMT,1
FLJ39873,1
HERPUD1,1
GAS5,1
HLA-B,1
FLJ32028,1
FLJ32255,1
H2AFX,1
H6PD,1
FLJ32704,1
GAPT,1
GAPDH,1
FLJ35936,1
FLJ36837,1
HAMP,1
FLJ38725,1
HAPLN3,1
FLJ39739,1
HGFL,1
HEMGN,1
FLJ31413,1
FPR3,1
FOXP1,1
HBM,1
FOXRED2,1
FXN,1
FUT7,1
HBD,1
FRAT1,1
FZD3,1
FRAT2,1
FSCN1,1
FTH1,1
FUT11,1
FTHFSDC1,1
FTL,1
HCAR3,1
FOXO1,1
GAB3,1
HEG1,1
FLT1,1
FLT3,1
HELLS,1
HELIOS-3,1
FMNL3,1
FNBP1,1
HDGFL3,1
FOXA2,1
FNBP2,1
FNDC3B,1
FOLH1,1
GAB1,1
FOLR3,1
FOSB,1
FLJ31978,1
FLJ31364,1
FKBP5,1
HLX,1
FLJ11151,1
GRSF1,1
FLJ11663,1
FLJ12643,1
HMG20B,1
FLJ12994,1
HLA-E,1
FLJ11029,1
HLA-DRB5,1
HLA-DRB4,1
FLJ13052,1
FLJ13089,1
HLA-DRB3,1
GSN,1
HMGB1,1
FLJ10874,1
FLJ14153,1
GRK2,1
HPD,1
FKSG79,1
HP,1
FLJ00012,1
HOZFP,1
FLJ10116,1
HNRNPA1L2,1
FLJ10702,1
FLJ10298,1
FUCA1,1
FLJ10357,1
HNMT,1
HMMR,1
HMGN2,1
GSTA1,1
GSTA2,1
FLJ31033,1
GAS6,1
FLJ22368,1
FLJ22457,1
GATA1,1
FLJ22625,1
GZMB1,1
FLJ22662,1
GK5,1
GYPA,1
HLA-DOB,1
FLJ23230,1
HLA-DMA3,1
FLJ23235,1
HLA-DMA,1
FLJ25348,1
FLJ22329,1
FLJ21438,1
FLJ20202,1
FLJ20273,1
HLA-DRA12,1
GSTM4,1
GTPBP4,1
GBP1,1
HLA-DQ-ALPHA,1
HLA-DPB2,1
GATM,1
GVINP1,1
FLJ20481,1
FLJ20686,1
GATA5,1
FLJ20701,1
HLA-DPA111,1
FLJ20847,1
HNRNPA1,1
CUTL2,1
ETFB,1
C21ORF83B,1
BPGM,1
BSG,1
BST1,1
BTAF1,1
BTF3,1
BTG1,1
BTN3A2,1
BTN3A3,1
BUB3,1
BUD23,1
C10ORF54,1
C14ORF109,1
C14ORF138,1
C14ORF58,1
C14ORF61,1
C18ORF56,1
C19ORF43,1
C1ORF21,1
C1ORF33,1
C1ORF38,1
C1QA,1
C1QBP,1
C1R,1
C1S,1
C20ORF1,1
C20ORF139,1
C21ORF106,1
BOLA3,1
BNIP3L,1
BMP8B,1
BACH1,1
ATP2B4,1
ATP6V1A,1
ATP6V1C1,1
ATXN1,1
AURKA,1
AVP,1
AXL,1
B3GNT2,1
B3GNT7,1
B4GALT1,1
B4GALT3,1
B7-H2,1
BAFFR,1
BLVRB,1
BAIAP2,1
BANK1,1
BANP,1
BATF3,1
BCL2,1
BHLHE41,1
BIN1,1
BIRC3,1
BLCPMG,1
BLK,1
BLOC1S3,1
BLOC1S6,1
C21ORF42,1
C3AR1,1
CD1B,1
C4BPA,1
CCDC69,1
CCDC88C,1
CCL13,1
CCL17,1
CCL19,1
CCL2,1
CCL20,1
CCL22,1
CCL24,1
CCL4,1
CCNA2,1
CCNB1,1
CCNB2,1
CCND1,1
CCND2,1
CCND3,1
CCNL1,1
CCPG1,1
CCR8,1
CCRL2,1
CCS,1
CCSER1,1
CD107A,1
CD125,1
CD158B1,1
CD158B2,1
CD164,1
CCDC50,1
CCDC5,1
CCDC167,1
CAMK1D,1
C5ORF6,1
C6ORF107,1
C8G,1
C8ORF59,1
C9ORF72,1
CA1,1
CA6,1
CABP4,1
CACNA2D3,1
CADM1,1
CALML4,1
CAMK1,1
CAMK2D,1
CCDC141,1
CAMKK2,1
CAPG,1
CAPN15,1
CAPN2,1
CASK,1
CASP2,1
CASP4,1
CASP8,1
CBLB,1
CBR3,1
CBX3,1
CC-CKR-2,1
ATP2A3,1
ATP1B3,1
ATP13A3,1
ATP13A2,1
ADH1A,1
ADORA2A,1
ADRB2,1
AE3,1
AGTPBP1,1
AGTRAP,1
AHCY,1
AHI1,1
AHNAK,1
AHNAK2,1
AHSP,1
AICDA,1
AIFM2,1
AIM2,1
AKR1C3,1
ALB,1
ALDH2,1
ALDH3B1,1
ALDH5A1,1
ALDOB,1
ALG2,1
ALG5,1
ALOX15,1
ALOX5,1
ALOX5AP,1
ALOX5AP4,1
ALPHA-SMA,1
ADGRG1,1
ADGRE1,1
ADCYAP1,1
ABTB2,1
ABCA2,1
ABCA7,1
ABCB5,1
ABCC1,1
ABCC3,1
ABHD15,1
ABHD2,1
ABHD3,1
ABI2,1
ABI3,1
ABL2,1
ABTB1,1
AC092580.4,1
ADAP2,1
ACER3,1
ACOT9,1
ACP5,1
ACPP,1
ACSS2,1
ACTB,1
ADAM12,1
ADAM15,1
ADAM17,1
ADAM19,1
ADAM28,1
ADAM33,1
AMBP,1
AMICA1,1
AMPD3,1
ARMH1,1
ARAP2,1
AREG,1
ARG1,1
ARHGAP25,1
ARHGAP26,1
ARHGAP45,1
ARHGEF18,1
ARHGEF3,1
ARHGEF4,1
ARID5B,1
ARL4A,1
ARL6IP6,1
ARPC5L,1
APP,1
ARRB1,1
ARRB2,1
ARRDC3,1
ASAH1,1
ASB2,1
ASGR1,1
ASPH,1
ASPM,1
ASXL1,1
ATF3,1
ATF4,1
ATF5,1
AQP3,1
APOL6,1
ANG,1
AP1S2,1
ANKRD28,1
ANKRD36,1
ANKRD36B,1
ANKS3,1
ANP32B,1
ANP32E,1
ANXA1,1
ANXA2P2,1
ANXA5,1
AOAH,1
AOX1,1
AP1GBP1,1
AP2A1,1
APOL3,1
AP2S1,1
APBA2,1
APG7L,1
APLP2,1
APOA1,1
APOA2,1
APOBEC3F,1
APOC1,1
APOC3,1
APOE,1
APOH,1
APOL1,1
CD1A,1
CD200,1
ERP29,1
DIRC2,1
DAPP1,1
DAZAP2,1
DCAF12,1
DCK,1
DCLK1,1
DCN,1
DCNP1,1
DCPS,1
DCSTAMP,1
DDOST,1
DDT,1
DDX21,1
DDX41,1
DDX58,1
DDX60,1
DDX60L,1
DEFA4,1
DENND10P1,1
DENND1B,1
DENND3,1
DENND5A,1
DENND5B,1
DEPDC1,1
DFNA5,1
DHRS3,1
DHRS7,1
DHTKD1,1
DAPK2,1
DAAM1,1
CYTIP,1
CXCL16,1
CSRP1,1
CST7,1
CTBS,1
CTC-210G5.1,1
CTNS,1
CTSB3,1
CTSZ,1
CTTNBP2NL,1
CXCL1,1
CXCL10,1
CXCL11,1
CXCL13,1
CXCL3,1
CYTH4,1
CXCL5,1
CXCL9,1
CXCR1,1
CXCR5,1
CYB561A3,1
CYB5A,1
CYB5R3,1
CYCD3,1
CYLD,1
CYP1B1,1
CYP46A1,1
CYSLTR1,1
DHX33,1
DKC1,1
CD207,1
DKFZP434H132,1
EDEM2,1
EFHC1,1
EGFL7,1
EGR1,1
EHD1,1
EIF1,1
EIF2AK3,1
EIF4A1,1
EIF4A3,1
ELK3,1
ELL2,1
ELOB,1
ELOVL5,1
EMB,1
EMILIN-2,1
EMP3,1
EN1,1
ENPP1,1
ENTPD7,1
EOMES,1
EPC1,1
EPHB1,1
EPHX2,1
ERBB2,1
ERI1,1
ERICH1,1
ERO1B,1
ECHS1,1
EBPL,1
EBI3,1
DOK3,1
DKFZP564O0463,1
DKFZP566A1524,1
DKFZP586I1420,1
DKFZP667L0210,1
DKFZP761K1824,1
DKFZP762C1112,1
DLX5,1
DMXL2,1
DNAJC1,1
DNASE2,1
DOCK5,1
DOK2,1
DPEP1,1
EAF2,1
DPPA4,1
DPYD,1
DPYSL2,1
DRAP1,1
DSN1,1
DST,1
DSTN,1
DTNB,1
DUFD1,1
DUSP10,1
DUSP5,1
DUT,1
CSNK1E,1
CSK,1
CSGALNACT2,1
CSF2RB,1
CDCA7L,1
CDH2,1
CDH23,1
CDK1,1
CDK5RAP2,1
CDO1,1
CDT1,1
CEACAM1,1
CEACAM6,1
CENPH,1
CENPK,1
CEP135,1
CEP170,1
CEP68,1
CEP78,1
CEP95,1
CES1,1
CES1P1,1
CFHR1,1
CFHR2,1
CFP,1
CGI-09,1
CGI-109,1
CHCHD10,1
CHEK1,1
CHI3L1,1
CHN1,1
CDCA5,1
CDCA2,1
CDCA1,1
CD48,1
CD209,1
CD226,1
CD248,1
CD2AP,1
CD300E,1
CD300LB,1
CD300LF,1
CD300LG,1
CD307A,1
CD307B,1
CD42A,1
CD46,1
CD53,1
CDC42EP3,1
CD58,1
CD59,1
CD72B,1
CD7411,1
CD84,1
CD9,1
CD93,1
CD96,1
CD99,1
CD992,1
CDA,1
CDC25B,1
CHST10,1
CHST15,1
CHST7,1
CPNE3,1
COP1,1
COQ7,1
COQ8A,1
CORO1B,1
CORO1C,1
CORO2A,1
CORO7,1
CORO7-PAM16,1
COX2,1
CP,1
CPM,1
CPNE2,1
CPNE5,1
COL4A3BP,1
CPO,1
CPPED1,1
CRABP1,1
CREB3L2,1
CREG1,1
CRIM1,1
CRLF2,1
CRSP3,1
CRYL1,1
CRYM,1
CRYM-AS1,1
CSF2,1
COMMD63,1
COL3A1,1
CIRBP,1
CLEC5A,1
CISH,1
CKB,1
CKLF,1
CKS2,1
CLC,1
CLCN5,1
CLDN5,1
CLDN6,1
CLDND1,1
CLEC12A,1
CLEC17A,1
CLEC4F,1
CLNK,1
COL24A1,1
CLU,1
CMC1,1
CMKLR1,1
CMTM2,1
CNIH4,1
CNN1,1
CNOT10,1
CNP,1
COBLL1,1
COCH,1
COL1A1,1
COL1A2,1
IKZF3,1
ZWINT,1
IL10,1
SIGLEC10,1
SGK3,1
SGO2,1
SGPL1,1
SH2D1B,1
SH2D2A,1
SH3BP2,1
SH3BP5,1
SH3BP5-AS1,1
SH3YL1,1
SHTN1,1
SIAT4A,1
SIDT1,1
SIDT2,1
SIGLEC12,1
SETBP1,1
SIGLEC7,1
SINHCAF,1
SIRPB1,1
SIT1,1
SIVA1,1
SKAP2,1
SLA,1
SLC11A2,1
SLC12A2,1
SLC12A3,1
SLC15A3,1
SLC15A4,1
SLC16A3,1
SFT2D2,1
SERTAD2,1
SLC24A4,1
SDPR,1
SATB1,1
SBDS,1
SCAMP5,1
SCARB2,1
SCARF1,1
SCFD1,1
SCIMP,1
SCML4,1
SCO2,1
SCPEP1,1
SCT,1
SDC2,1
SDCBP,1
SEC14L1,1
SERPINB9,1
SEC24A,1
SEC61A1,1
SEC61G,1
SEC61G1,1
SEC62,1
SEL1L3,1
SELENBP1,1
SELENOP,1
SELL2,1
SEPTIN11,1
SERBP1,1
SERPINB2,1
SERPINB7,1
SLC23A2,1
SLC25A3,1
SRPK2,1
SPART,1
SNRPN,1
SNURF,1
SNX11,1
SNX18,1
SNX22,1
SNX3,1
SNX9,1
SOAT1,1
SOD1,1
SORL1,1
SOS1,1
SOX13,1
SP100,1
SPATA5,1
SNHG8,1
SPATS2,1
SPCS1,1
SPCS11,1
SPI1,1
SPICE1,1
SPINK1,1
SPINK2,1
SPINT2,1
SPNS3,1
SPRED1,1
SPRED2,1
SPTBN1,1
SRC,1
SNRPA1,1
SNHG7,1
SLC25A39,1
SLC66A1,1
SLC27A3,1
SLC28A3,1
SLC31A1,1
SLC33A1,1
SLC35C2,1
SLC36A4,1
SLC38A1,1
SLC38A2,1
SLC38A6,1
SLC40A1,1
SLC41A2,1
SLC44A2,1
SLC4A10,1
SLC6A6,1
SNED1,1
SLC7A7,1
SLC9A3R1,1
SLC9A9,1
SLCO4C1,1
SMC2,1
SMC3,1
SMC4,1
SMC6,1
SMCP,1
SMLR1,1
SMPD3,1
SNCA,1
SND1,1
SAT1,1
SASH1,1
SAMSN1,1
RGS19,1
RASSF2,1
RASSF3,1
RBL1,1
RBP1,1
RBP4,1
RCBTB2,1
RCL1,1
RDX,1
REL,1
REREP3,1
RETNLB,1
RFC4,1
RGS10,1
RHOD,1
RASD1,1
RHOG,1
RIC3,1
RIDA,1
RIOK1,1
RIOX2,1
RIPK2,1
RNASEH2B,1
RNASEL,1
RNASET2,1
RNASET21,1
RNF125,1
RNF13,1
RNF144B,1
RASSF1,1
RASAL2,1
SAMHD1,1
RAB37,1
PTPRS,1
PTTG1,1
PTX3,1
PUM2,1
PXN,1
PYGL,1
QDPR,1
QRSL1,1
R3HDM4,1
RAB11FIP4,1
RAB24,1
RAB27A,1
RAB30,1
RAB5C,1
RASA2,1
RAB9A,1
RABGAP1L,1
RACGAP1,1
RACK1,1
RAD1,1
RAFTLIN,1
RALGAPA1,1
RALGPS2,1
RAMP,1
RAMP2,1
RAN,1
RAP2B,1
RARA,1
RNF166,1
RNF214,1
RNF24,1
RRAGC,1
RPS199,1
RPS206,1
RPS21,1
RPS25,1
RPS277,1
RPS27A9,1
RPS27L,1
RPS298,1
RPS3A,1
RPS3A9,1
RPS7,1
RPS8,1
RPSA8,1
RRBP1,1
RNF5,1
RRM1,1
RRM2,1
RSAD2,1
RSL1D1,1
RUBCN,1
RUBCNL,1
RUNX1,1
RXRA,1
S100A10,1
S100A6,1
S100PBP,1
SAA4,1
SALL4,1
RPS148,1
RPS128,1
RPS12,1
RPS118,1
RNU2,1
RORA,1
RORC,1
RP11-1143G9.4,1
RP11-234A1.110,1
RP11-386I14.46,1
RP11-543P15.17,1
RP11-620J15.3,1
RPA3,1
RPEL1,1
RPIA,1
RPL139,1
RPL13A8,1
RPL13AP253,1
RPL14,1
RPL18,1
RPL218,1
RPL23A8,1
RPL27A9,1
RPL30,1
RPL32,1
RPL347,1
RPL358,1
RPL37A9,1
RPL67,1
RPLP0,1
RPN1,1
SRP142,1
SRPRA,1
IL10RA,1
UBXN11,1
TYMS,1
U2AF1L2,1
UBA5,1
UBB,1
UBB5,1
UBD,1
UBE2C,1
UBE2D1,1
UBE2F,1
UBE2G1,1
UBE2S,1
UBE2T,1
UBQLN2,1
UCHL1,1
TXNIP,1
UCP24,1
UFM1,1
UGT2B15,1
UHRF1,1
UNC13D,1
UNC93B1,1
UPK3A,1
UPP1,1
UQCC2,1
UQCR11.1,1
USF2,1
USP11,1
USP18,1
TXNRD1,1
TXN5,1
USP28,1
TSPAN3,1
TRERF1,1
TRGC1,1
TRGC2,1
TRIM16,1
TRIM25,1
TRIM74,1
TRMT1,1
TRRAP,1
TSBF1,1
TSEN34,1
TSEN54,1
TSPAN13,1
TSPAN14,1
TSPAN32,1
TUT7,1
TSPO,1
TTC16,1
TTC24,1
TTC38,1
TTC39C,1
TTN,1
TTR,1
TTYH2,1
TTYH3,1
TUBB,1
TUBB6,1
TULP4,1
TUT4,1
USP24,1
VAC14,1
SRSF2,1
ZFAND5,1
XCR1,1
XPO6,1
YPEL1,1
YPEL2,1
ZBED2,1
ZBP1,1
ZBTB33,1
ZC3HAV1,1
ZDHHC17,1
ZDHHC18,1
ZDHHC4,1
ZEB1,1
ZEB2-AS1,1
ZFAS1,1
WTAP,1
ZFAT,1
ZFYVE16,1
ZFYVE26,1
ZNF137,1
ZNF366,1
ZNF367,1
ZNF506,1
ZNF527,1
ZNF600,1
ZNF620,1
ZNF789,1
ZNFX1,1
ZNRF1,1
XCL2,1
WSB1,1
VAMP1,1
VPREB3,1
VAMP5,1
VAMP82,1
VASH1,1
VASP,1
VAV3,1
VCL,1
VECAD,1
VEG1,1
VEGFB,1
VEZF1,1
VIMENTIN,1
VIPR1,1
VIPR2,1
VPS53,1
WNT5A,1
VSIG4,1
VTN,1
VWF,1
WARS,1
WDFY4,1
WDR11,1
WDR37,1
WDR4,1
WDR43,1
WDR83OS,1
WFDC2,1
WHAMMP3,1
WNT10A,1
TREM2,1
TRDV2,1
TRDMT1,1
TBC1D9,1
SYNE2,1
SYS1,1
SYT11,1
SYTL1,1
T2BP,1
TACC1,1
TAF4B,1
TALDO1,1
TASP1,1
TATDN3,1
TAX1BP3,1
TBC1D13,1
TBC1D8,1
TBCB,1
SWAP70,1
TBCC,1
TBCD,1
TCF19,1
TCF4,1
TCF7L2,1
TCL6,1
TEK,1
TESC,1
TESPA1,1
TEX2,1
TFEC,1
TFPI2,1
TGFBR1,1
SYNE1,1
SUZ12P1,1
TRDC,1
STING1,1
SSH2,1
SSR42,1
ST3GAL2,1
ST3GAL4,1
ST6GALNAC4,1
STAB1,1
STAG3L1,1
STAG3L3,1
STAG3L4,1
STAM,1
STAMBPL1,1
STAP1,1
STAT4,1
STIP1,1
SUN2,1
STK38,1
STMN12,1
STMN3,1
STRBP,1
STX11,1
STX18,1
SUB1,1
SUCLA2,1
SUCLG1,1
SULF2,1
SULT1A1,1
SULT2A1,1
SUMO2,1
TGFBR2,1
TGFBR3,1
TGM2,1
TP53I11,1
TNFAIP2,1
TNFAIP3,1
TNFAIP6,1
TNFRSF10C,1
TNFRSF14,1
TNFRSF21,1
TNFSF12,1
TNFSF8,1
TNIP1,1
TNMD,1
TNNI2,1
TOMM7,1
TOX,1
TP53I13,1
THAP7,1
TPCN1,1
TPM1,1
TPM2,1
TPSAB1,1
TRAF1,1
TRAF4,1
TRAM2,1
TRAP1,1
TRAT1,1
TRAV1-2,1
TRB,1
TRBC1,1
TRBC2,1
TNF,1
TNC,1
TMTC1,1
TMSB4X,1
THEM4,1
THSD1P1,1
TIA1,1
TIAM1,1
TIMM13,1
TIMP2,1
TKT,1
TLDC2,1
TLE4,1
TLR1,1
TLR8,1
TM2D2,1
TM4-B,1
TM4SF19,1
TM4SF19-TCTEX1D2,1
TMBIM1,1
TMEFF1,1
TMEM109,1
TMEM11,1
TMEM123,1
TMEM134,1
TMEM154,1
TMEM176B,1
TMEM19,1
TMEM273,1
TMIGD2,1
TMPO,1
PTPRO,1
PTPRE,1
PTPN7,1
MAD2L1,1
LRRC36,1
LRRC75A,1
LRRFIP1,1
LSP1,1
LTA,1
LTA4H,1
LTB3,1
LTB4R,1
LTK,1
LUZP6,1
LY6E,1
LYST,1
LZTFL1,1
MAF,1
LRRC25,1
MAFF,1
MAGED1,1
MAGED2,1
MALAT1,1
MAML2,1
MAN1A1,1
MAN2B1,1
MANEA,1
MAP1A,1
MAP2K6,1
MAP3K1,1
MAP3K4,1
MAP4K1,1
LRRC26,1
LRRC18,1
MAPKAPK2,1
LOC339493,1
LOC129607,1
LOC153222,1
LOC162073,1
LOC196463,1
LOC197135,1
LOC202908,1
LOC220213,1
LOC253782,1
LOC283431,1
LOC283989,1
LOC284018,1
LOC284454,1
LOC286088,1
LOC339745,1
LRP8,1
LOC342616,1
LOC348235,1
LOC51061,1
LOC51320,1
LOC55580,1
LOC56854,1
LOC56902,1
LOC652276,1
LOC91947,1
LOC92162,1
LOC93082,1
LRP1,1
LRP10,1
MAP4K4,1
MARS,1
PTPN6,1
MGLL,1
MGC24133,1
MGC26226,1
MGC3036,1
MGC3067,1
MGC33602,1
MGC45731,1
MGC4796,1
MGC5244,1
MGC5306,1
MGC5618,1
MGC61571,1
MGC7036,1
MGC9726,1
MICAL2,1
MGC23244,1
MIF4GD,1
MILR1,1
MIS18A,1
MKRN1,1
MLXIP,1
MMP1,1
MMP12,1
MMP19,1
MMPL1,1
MOB1B,1
MPEG1,1
MPP1,1
MPP7,1
MGC24001,1
MGC16353,1
MBD2,1
MED12L,1
MBD6,1
MBP,1
MCM10,1
MCM2,1
MCM6,1
MCM7,1
MCOLN1,1
MCOLN2,1
MCTP1,1
MDFIC,1
MDN1,1
MDS010,1
MECR,1
MEF2D,1
MGC16044,1
MEFV,1
MEGF9,1
MELK,1
METTL7A,1
METTL9,1
MFSD2A,1
MFT2,1
MGAT2,1
MGAT4A,1
MGC10500,1
MGC14126,1
MGC15606,1
MGC15763,1
LMO7,1
LMAN1,1
LLGL2,1
ITPR1,1
IRAK2,1
IRAK3,1
IRF1,1
IRF2BP2,1
IRF5,1
ITFG2,1
ITGA2,1
ITGA6,1
ITGAE,1
ITGB7,1
ITGB8,1
ITK,1
ITPKB,1
ITPR2,1
IPLA2,1
IVNS1ABP,1
JMJD1C,1
JUNB,1
KANK1,1
KCNAB2,1
KCNJ2,1
KCNK6,1
KCNQ4,1
KCTD12,1
KDM1B,1
KDM5D,1
KIAA0101,1
KIAA0102,1
IQGAP2,1
INSR,1
LINC01550,1
IL23A,1
IL12B,1
IL12RB1,1
IL13,1
IL15,1
IL15RA,1
IL17A,1
IL19,1
IL1F9,1
IL1R1,1
IL1RAP,1
IL2,1
IL21,1
IL22,1
IL24,1
INSIG1,1
IL27RA,1
IL2RG,1
IL3,1
IL5,1
IL9,1
IMD74,1
IMPDH1,1
IMPDH2,1
INF2,1
INHBA,1
INOS,1
INPP4B,1
INPP5B,1
KIAA0346,1
KIAA0379,1
KIAA0513,1
LCT-AS1,1
KRT7,1
KSR1,1
KYNU,1
L1TD1,1
LACC1,1
LACTB,1
ZP3,1
LAMP5,1
LAT2,1
LAX1,1
LAYN,1
LCN2,1
LCP2,1
LECTIN,1
KIAA0746,1
LEF1-AS1,1
LEPROTL1,1
LFIO9330,1
LGALS3,1
LIF,1
LILRA1,1
LILRA5,1
LILRA6,1
LILRB3,1
LIMA1,1
LIME1,1
LINC00926,1
LINC00996,1
KRT23,1
KRR1,1
KPNA2,1
KNS-CL.4,1
KIAA0779,1
KIAA0930,1
KIAA1126,1
KIAA1363,1
KIAA1384,1
KIAA1404,1
KIAA1546,1
KIAA1902,1
KIAA2010,1
KIF14,1
KIF16B,1
KIF2C,1
KIR2DL4,1
KIR2DS2,1
KIR2DS5,1
KIR3DL1,1
KIR3DL2,1
KIR3DS1,1
KIRREL3,1
KLF10,1
KLF11,1
KLF3,1
KLF4,1
KLIP1,1
KLK3,1
KLRK1,1
KNG1,1
MPPE1,1
MRC1,1
MRPL36,1
PISD,1
PHEX,1
PHF19,1
PHLPP2,1
PHTF2,1
PI16,1
PI4KII,1
PICALM,1
PIEZO1,1
PIG6B,1
PIK3AP1,1
PIK3CB,1
PIK3CD,1
PIK3R5,1
PITPN,1
PHC2,1
PITPNM1,1
PLA2G12A,1
PLA2G2A,1
PLA2G7,1
PLAAT4,1
PLAC84,1
PLCD1,1
PLD1,1
PLD3,1
PLEK2,1
PLEKHB1,1
PLEKHB2,1
PLEKHG3,1
PHC3,1
PGD,1
PALM2,1
PDCD4,1
PAPLN,1
PAPOLA,1
PARK7,1
PARK72,1
PARP10,1
PATL2,1
PAX5,1
PBLD,1
PCBD1,1
PCMTD1,1
PCNX,1
PCYOX1,1
PDCD1LG2,1
PDE3B,1
PFKP,1
PDE4DIP,1
PDGFC,1
PDLIM1,1
PDLIM5,1
PDLIM7,1
PEA15,1
PEBP1,1
PELATON,1
PELI1,1
PEP1,1
PER1,1
PFK-2/FBPASE-2,1
PFKFB3,1
PLEKHO2,1
PLIN2,1
PLP2,1
PSMC1,1
PRKCA,1
PRKCB,1
PRKCH,1
PRKCQ,1
PRKCQ-AS1,1
PRKX,1
PROK2,1
PRRG4,1
PRSS1,1
PRSS23,1
PRSS57,1
PSGL1,1
PSIP1,1
PSTPIP2,1
PLP21,1
PTCRA,1
PTEN,1
PTGER2,1
PTGER4,1
PTGR1,1
PTGS1,1
PTGS2,1
PTK2,1
PTK7,1
PTP4A3,1
PTPN13,1
PTPN1L,1
PTPN4,1
PRELID2,1
PRDX1,1
PRDM2,1
PRDM1,1
PLXDC2,1
PLXNA4,1
PLXNC1,1
PMEL,1
PMS2P5,1
PNOC,1
PNPLA6,1
POLB,1
POLR1B,1
POLR2H,1
POU2F2,1
POU5F1,1
PPARA,1
PPFIBP1,1
PPIB1,1
PPIF,1
PPM1H,1
PPM1J,1
PPM1K,1
PPM1M,1
PPP1R14A,1
PPP1R14B,1
PPP1R2,1
PPP6R1,1
PPT1,1
PRAP1,1
PRC1,1
PALM2AKAP2,1
PAIP1,1
MRPS6,1
NCK1,1
NAGK,1
NAGPA,1
NALP7,1
NANOG,1
NAP1L1,1
NAPSA,1
NAPSB1,1
NBEAL2,1
NCALD,1
NCF1,1
NCF1B,1
NCF1C,1
NCF4,1
NCR3,1
NADK,1
NDFIP1,1
NDNL2,1
NDRG1,1
NDRG2,1
NDUFA3,1
NDUFA4,1
NDUFB3,1
NECAP2,1
NEK6,1
NEK8,1
NESTIN,1
NET1,1
NEURL1,1
NAGA,1
NACA5,1
PAG1,1
MUC1,1
MS4A4A,1
MSC,1
MSN,1
MSRB1,1
MT-ATP6,1
MT-CO1,1
MT-CO3,1
MT-CYB,1
MT-ND3,1
MTERF2,1
MTF1,1
MTMR11,1
MTND6,1
MX1,1
NAAA,1
MX2,1
MXD3,1
MYB24,1
MYBL1,1
MYBL2,1
MYDGF,1
MYH11,1
MYL12A,1
MYL12A7,1
MYO1F,1
MYOF,1
MYOM2,1
N4BP2,1
NFATC2IP,1
NFATC3,1
NFKBID,1
OST4,1
OATPRP4,1
OAZ1,1
OAZ2,1
OGFRL1,1
OGT,1
OLIG2,1
OLR1,1
ORM1,1
ORM2,1
OSBPL10,1
OSBPL11,1
OSBPL3,1
OSBPL5,1
OSTC,1
NFX1,1
OVOS2,1
OXNAD1,1
P2RX1,1
P2RX5,1
P2RX7,1
P2RY14,1
P2RY6,1
P4HB,1
PA2G4,1
PABPC1,1
PACSIN1,1
PAFAH1B3,1
PAFAH2,1
NUSAP1,1
NUPR1,1
NUP62,1
NUP214,1
NGFR,1
NICN1,1
NIFK,1
NLRC3,1
NLRP1,1
NLRP3,1
NOG,1
NOP56,1
NOP58,1
NOTCH4,1
NPAT,1
NPC2,1
NPC25,1
NPEPPS,1
NR4A1,1
NR4A3,1
NRIP3,1
NRP2,1
NS8,1
NSMAF,1
NT5C3,1
NT5E,1
NUB1,1
NUCB2,1
NUDT16,1
NUDT21,1
NUMB,1
LAMP3,1
